"","TreeID","Species","Site_X","Site_Y","Tree_x","Tree_y","Coordinate System/Datum"
"1","A1#1","R. Maple",712370.958093,5090895.98589,712369.641775,5090891.058689,"UTM Zone 15N/WGS 1984"
"2","A1#2","S. Alder",712370.958093,5090895.98589,712371.647208,5090895.128498,NA
"3","A1#3","B. Fir",712370.958093,5090895.98589,712370.889948,5090898.184834,NA
"4","A2#1","R. Maple",712345.899094,5090895.12423,712342.759259,5090898.062161,NA
"5","A2#2","S. Alder",712345.899094,5090895.12423,712346.371723,5090894.754606,NA
"6","A2#3","W. Cedar",712345.899094,5090895.12423,712351.629536,5090896.902441,NA
"7","A3#1","Aspen",712295.78032,5090893.4012,712293.20946,5090891.668954,NA
"8","A3#2","Aspen",712295.78032,5090893.4012,712292.583453,5090893.259623,NA
"9","A3#3","B. Fir",712295.78032,5090893.4012,712299.626199,5090889.46938,NA
"10","A4#1","Aspen",712195.543543,5090889.95639,712195.409121,5090890.224589,NA
"11","A4#2","Aspen",712195.543543,5090889.95639,712194.945083,5090889.155237,NA
"12","A4#3","B. Fir",712195.543543,5090889.95639,712196.360245,5090890.33454,NA
"13","A5#1","Aspen",712170.484543,5090889.09545,712168.540013,5090890.124431,NA
"14","A5#2","Aspen",712170.484543,5090889.09545,712170.576547,5090887.498097,NA
"15","A5#3","B. Fir",712170.484543,5090889.09545,712171.611072,5090891.875906,NA
"16","A6#1","Aspen",712120.365765,5090887.37384,712119.386844,5090886.372983,NA
"17","A6#2","Aspen",712120.365765,5090887.37384,712121.010991,5090887.102393,NA
"18","A6#3","B. Fir",712120.365765,5090887.37384,712120.009701,5090889.138271,NA
"19","A7#1","S. Maple",712020.128983,5090883.93188,712020.117935,5090883.432002,NA
"20","A7#2","Aspen",712020.128983,5090883.93188,712018.581653,5090889.935693,NA
"21","A7#3","B. Fir",712020.128983,5090883.93188,712013.492458,5090881.139652,NA
"22","A8#1","B. Fir",711995.06998,5090883.07165,711996.06998,5090883.07165,NA
"23","A8#2","R. Maple",711995.06998,5090883.07165,711996.009682,5090881.902479,NA
"24","A8#3","R. Maple",711995.06998,5090883.07165,711993.850573,5090883.522258,NA
"25","A9#1","B. Fir",711944.951975,5090881.3515,711940.153667,5090881.224054,NA
"26","A9#2","B. Fir",711944.951975,5090881.3515,711942.630574,5090881.960676,NA
"27","A9#3","S. Maple",711944.951975,5090881.3515,711936.651975,5090881.35125,NA
"28","A10#1","W. Birch",711844.715186,5090877.91238,711843.245781,5090880.97846,NA
"29","A10#2","S. Alder",711844.715186,5090877.91238,711844.609047,5090879.508856,NA
"30","A10#3","W. Cedar",711844.715186,5090877.91238,711840.523987,5090879.808125,NA
"31","A11#1","S. Alder",711819.655407,5090877.05284,711821.553858,5090878.82932,NA
"32","A11#2","W. Birch",711819.655407,5090877.05284,711820.248759,5090879.993577,NA
"33","A11#3","B. Fir",711819.655407,5090877.05284,711821.465702,5090875.32865,NA
"34","A12#1","W. Cedar",711769.537399,5090875.33411,711765.797111,5090872.015941,NA
"35","A12#2","S. Alder",711769.537399,5090875.33411,711770.096346,5090874.91271,NA
"36","A12#3","S. Maple",711769.537399,5090875.33411,711765.374235,5090877.042345,NA
"37","B1#1","W. Cedar",712371.817008,5090871.00802,712371.308077,5090867.7475,NA
"38","B1#2","R. Maple",712371.817008,5090871.00802,712374.158502,5090871.534711,NA
"39","B1#3","R. Maple",712371.817008,5090871.00802,712375.617621,5090873.019324,NA
"40","B2#1","S. Alder",712346.757907,5090870.14636,712348.224207,5090869.830188,NA
"41","B2#2","R. Maple",712346.757907,5090870.14636,712344.478151,5090871.772003,NA
"42","B2#3","B. Fir",712346.757907,5090870.14636,712349.814186,5090870.665163,NA
"43","B3#1","B. Fir",712296.63893,5090868.42333,712296.237966,5090867.292301,NA
"44","B3#2","Aspen",712296.63893,5090868.42333,712299.376672,5090870.603873,NA
"45","B3#3","Aspen",712296.63893,5090868.42333,712299.308445,5090870.187895,NA
"46","B4#1","Aspen",712196.401747,5090864.97852,712196.589346,5090865.04785,NA
"47","B4#2","Aspen",712196.401747,5090864.97852,712198.528818,5090866.79939,NA
"48","B4#3","B. Fir",712196.401747,5090864.97852,712195.658104,5090868.090914,NA
"49","B5#1","Aspen",712171.342645,5090864.11758,712171.782953,5090862.579357,NA
"50","B5#2","Aspen",712171.342645,5090864.11758,712169.677379,5090864.800874,NA
"51","B5#3","B. Fir",712171.342645,5090864.11758,712169.513267,5090863.08638,NA
"52","B6#1","B. Fir",712121.223664,5090862.39597,712121.540324,5090862.782915,NA
"53","B6#2","Aspen",712121.223664,5090862.39597,712121.378921,5090859.700438,NA
"54","B6#3","S. Maple",712121.223664,5090862.39597,712123.063661,5090866.937381,NA
"55","B7#1","Aspen",712020.986476,5090858.95401,712018.727245,5090857.883553,NA
"56","B7#2","S. Maple",712020.986476,5090858.95401,712021.659983,5090858.214829,NA
"57","B7#3","Aspen",712020.986476,5090858.95401,712020.523828,5090859.336053,NA
"58","B8#1","B. Fir",711995.927372,5090858.09378,711995.439557,5090858.203493,NA
"59","B8#2","Aspen",711995.927372,5090858.09378,711996.170966,5090857.657131,NA
"60","B8#3","Aspen",711995.927372,5090858.09378,712000.569729,5090856.236759,NA
"61","B9#1","Aspen",711945.809164,5090856.37362,711948.954059,5090856.964922,NA
"62","B9#2","R. Maple",711945.809164,5090856.37362,711947.227533,5090858.67106,NA
"63","B9#3","W. Birch",711945.809164,5090856.37362,711944.492552,5090854.611084,NA
"64","B10#1","R. Maple",711845.571969,5090852.93451,711840.447496,5090854.931953,NA
"65","B10#2","W. Cedar",711845.571969,5090852.93451,711848.092655,5090850.963181,NA
"66","B10#3","S. Alder",711845.571969,5090852.93451,711843.597051,5090850.290706,NA
"67","B11#1","W. Birch",711820.512089,5090852.07497,711822.776074,5090846.626633,NA
"68","B11#2","S. Alder",711820.512089,5090852.07497,711820.103979,5090852.987903,NA
"69","B11#3","W. Birch",711820.512089,5090852.07497,711823.568368,5090852.593773,NA
"70","B12#1","W. Cedar",711770.393877,5090850.35624,711773.711184,5090848.121184,NA
"71","B12#2","B. Fir",711770.393877,5090850.35624,711769.016167,5090849.19783,NA
"72","B12#3","S. Alder",711770.393877,5090850.35624,711769.126695,5090851.771955,NA
"73","C1#1","R. Maple",712373.534826,5090821.05229,712372.979737,5090821.280055,NA
"74","C1#2","B. Fir",712373.534826,5090821.05229,712371.221957,5090822.001309,NA
"75","C1#3","R. Maple",712373.534826,5090821.05229,712374.586422,5090824.495275,NA
"76","C2#1","S. Maple",712348.475523,5090820.19063,712348.647607,5090820.971903,NA
"77","C2#2","W. Cedar",712348.475523,5090820.19063,712346.365992,5090824.051961,NA
"78","C2#3","B. Fir",712348.475523,5090820.19063,712347.353023,5090818.913918,NA
"79","C3#1","S. Alder",712298.356139,5090818.4676,712303.299662,5090819.216986,NA
"80","C3#2","R. Maple",712298.356139,5090818.4676,712299.965968,5090816.055453,NA
"81","C3#3","B. Fir",712298.356139,5090818.4676,712302.68837,5090816.645026,NA
"82","C4#1","Aspen",712198.118145,5090815.02278,712198.112431,5090813.722793,NA
"83","C4#2","B. Fir",712198.118145,5090815.02278,712198.842852,5090820.272999,NA
"84","C4#3","Aspen",712198.118145,5090815.02278,712197.454992,5090810.774224,NA
"85","C5#1","B. Aspen",712173.05884,5090814.16184,712176.561495,5090812.68827,NA
"86","C5#2","Aspen",712173.05884,5090814.16184,712171.179507,5090811.823442,NA
"87","C5#3","B. Fir",712173.05884,5090814.16184,712173.545664,5090814.047814,NA
"88","C6#1","Aspen",712122.939453,5090812.44023,712119.646072,5090816.464362,NA
"89","C6#2","Aspen",712122.939453,5090812.44023,712123.24494,5090814.517892,NA
"90","C6#3","B. Fir",712122.939453,5090812.44023,712123.108145,5090811.76086,NA
"91","C7#1","Aspen",712022.701453,5090808.99827,712022.263798,5090812.1682,NA
"92","C7#2","B. Fir",712022.701453,5090808.99827,712024.114297,5090806.465708,NA
"93","C7#3","Aspen",712022.701453,5090808.99827,712020.342058,5090810.090633,NA
"94","C8#1","S. Alder",711997.642146,5090808.13804,711998.617758,5090806.05521,NA
"95","C8#2","Aspen",711997.642146,5090808.13804,711995.757341,5090809.78045,NA
"96","C8#3","B. Fir",711997.642146,5090808.13804,711997.365207,5090809.510376,NA
"97","C9#1","Aspen",711947.523531,5090806.41789,711949.870345,5090810.374209,NA
"98","C9#2","R. Maple",711947.523531,5090806.41789,711947.220971,5090804.846757,NA
"99","C9#3","Aspen",711947.523531,5090806.41789,711949.606276,5090803.73048,NA
"100","C10#1","W. Birch",711847.285525,5090802.97877,711848.388701,5090804.765667,NA
"101","C10#2","S. Alder",711847.285525,5090802.97877,711844.529854,5090807.270189,NA
"102","C10#3","B. Fir",711847.285525,5090802.97877,711848.744626,5090800.130784,NA
"103","C11#1","Aspen",711822.225441,5090802.11923,711819.310966,5090799.839792,NA
"104","C11#2","S. Alder",711822.225441,5090802.11923,711819.209753,5090804.747085,NA
"105","C11#3","B. Fir",711822.225441,5090802.11923,711823.57171,5090799.894919,NA
"106","C12#1","S. Alder",711772.106824,5090800.4005,711774.70708,5090801.896718,NA
"107","C12#2","Aspen",711772.106824,5090800.4005,711771.203132,5090799.972317,NA
"108","C12#3","B. Fir",711772.106824,5090800.4005,711771.673143,5090800.949973,NA
"109","D1#1","R. Maple",712376.970425,5090721.14083,712375.614887,5090720.498556,NA
"110","D1#2","B. Fir",712376.970425,5090721.14083,712377.494079,5090720.676302,NA
"111","D1#3","W. Birch",712376.970425,5090721.14083,712375.158724,5090719.723882,NA
"112","D2#1","R. Maple",712351.910715,5090720.27918,712351.122086,5090722.225475,NA
"113","D2#2","B. Fir",712351.910715,5090720.27918,712351.193938,5090719.92389,NA
"114","D2#3","R. Maple",712351.910715,5090720.27918,712356.773219,5090715.965706,NA
"115","D3#1","S. Alder",712301.790519,5090718.55614,712304.881098,5090713.648155,NA
"116","D3#2","B. Fir",712301.790519,5090718.55614,712303.553652,5090714.091685,NA
"117","D3#3","R. Maple",712301.790519,5090718.55614,712298.577062,5090726.100257,NA
"118","D4#1","Aspen",712201.550901,5090715.11132,712193.455969,5090715.397802,NA
"119","D4#2","B. Fir",712201.550901,5090715.11132,712198.45733,5090716.748335,NA
"120","D4#3","Aspen",712201.550901,5090715.11132,712202.770294,5090715.561964,NA
"121","D5#1","Aspen",712176.49119,5090714.25038,712175.633387,5090714.764358,NA
"122","D5#2","S. Alder",712176.49119,5090714.25038,712174.896581,5090714.839636,NA
"123","D5#3","B. Fir",712176.49119,5090714.25038,712175.115405,5090712.939954,NA
"124","D6#1","B. Fir",712126.370991,5090712.52877,712124.391006,5090712.81101,NA
"125","D6#2","Aspen",712126.370991,5090712.52877,712128.910412,5090716.483684,NA
"126","D6#3","Aspen",712126.370991,5090712.52877,712129.443588,5090711.073042,NA
"127","D7#1","Aspen",712026.131367,5090709.0868,712026.162217,5090708.889194,NA
"128","D7#2","S. Alder",712026.131367,5090709.0868,712023.35601,5090708.716131,NA
"129","D7#3","B. Fir",712026.131367,5090709.0868,712025.564798,5090705.8358,NA
"130","D8#1","Aspen",712001.071654,5090708.22657,712001.684465,5090708.564893,NA
"131","D8#2","S. Alder",712001.071654,5090708.22657,711998.303268,5090708.646143,NA
"132","D8#3","B. Fir",712001.071654,5090708.22657,711999.479232,5090708.071031,NA
"133","D9#1","Aspen",711950.952228,5090706.50642,711950.587131,5090706.84804,NA
"134","D9#2","Aspen",711950.952228,5090706.50642,711948.502035,5090703.344687,NA
"135","D9#3","B. Fir",711950.952228,5090706.50642,711948.981092,5090705.529372,NA
"136","D10#1","Aspen",711850.712597,5090703.0673,711849.376683,5090704.273672,NA
"137","D10#2","Aspen",711850.712597,5090703.0673,711851.989358,5090701.154218,NA
"138","D10#3","B. Fir",711850.712597,5090703.0673,711850.816102,5090701.270278,NA
"139","D11#1","Aspen",711825.652108,5090702.20775,711824.353381,5090702.150235,NA
"140","D11#2","Aspen",711825.652108,5090702.20775,711826.499847,5090703.321904,NA
"141","D11#3","B. Fir",711825.652108,5090702.20775,711826.144299,5090702.119727,NA
"142","D12#1","B. Fir",711775.532678,5090700.48902,711778.150218,5090699.82684,NA
"143","D12#2","S. Alder",711775.532678,5090700.48902,711777.581486,5090700.949875,NA
"144","D12#3","S. Alder",711775.532678,5090700.48902,711775.223655,5090701.440075,NA
"145","E1#1","R. Maple",712377.829316,5090696.16297,712377.915962,5090698.961629,NA
"146","E1#2","Aspen",712377.829316,5090696.16297,712372.692472,5090689.771348,NA
"147","E1#3","R. Maple",712377.829316,5090696.16297,712375.930416,5090693.712627,NA
"148","E2#1","B. Fir",712352.769505,5090695.30131,712355.3366,5090694.888968,NA
"149","E2#2","S. Alder",712352.769505,5090695.30131,712353.847543,5090689.704183,NA
"150","E2#3","R. Maple",712352.769505,5090695.30131,712358.93013,5090697.035293,NA
"151","E3#1","R. Maple",712302.649106,5090693.57828,712301.5235,5090693.994225,NA
"152","E3#2","R. Maple",712302.649106,5090693.57828,712305.667222,5090691.806,NA
"153","E3#3","W. Cedar",712302.649106,5090693.57828,712299.82047,5090690.473636,NA
"154","E4#1","Aspen",712202.409082,5090690.13346,712204.654159,5090687.580103,NA
"155","E4#2","Aspen",712202.409082,5090690.13346,712197.613782,5090689.921095,NA
"156","E4#3","B. Fir",712202.409082,5090690.13346,712197.898941,5090684.911523,NA
"157","E5#1","Aspen",712177.349269,5090689.27252,712176.804793,5090689.524604,NA
"158","E5#2","B. Fir",712177.349269,5090689.27252,712180.737,5090688.054622,NA
"159","E5#3","Aspen",712177.349269,5090689.27252,712172.978367,5090688.767335,NA
"160","E6#1","Aspen",712127.228868,5090687.55091,712127.772548,5090687.109988,NA
"161","E6#2","Aspen",712127.228868,5090687.55091,712129.485424,5090687.105989,NA
"162","E6#3","B. Fir",712127.228868,5090687.55091,712127.951833,5090684.639326,NA
"163","E7#1","Aspen",712026.988837,5090684.10894,712028.047272,5090684.863735,NA
"164","E7#2","B. Fir",712026.988837,5090684.10894,712024.731074,5090686.376649,NA
"165","E7#3","Aspen",712026.988837,5090684.10894,712026.067961,5090681.89264,NA
"166","E8#1","Aspen",712001.929023,5090683.24871,712000.264648,5090681.251248,NA
"167","E8#2","Aspen",712001.929023,5090683.24871,712002.288369,5090681.383001,NA
"168","E8#3","B. Fir",712001.929023,5090683.24871,712001.976711,5090686.848394,NA
"169","E9#1","Aspen",711951.809394,5090681.52855,711955.371734,5090684.74565,NA
"170","E9#2","B. Fir",711951.809394,5090681.52855,711950.180345,5090686.255727,NA
"171","E9#3","Aspen",711951.809394,5090681.52855,711950.556407,5090676.481767,NA
"172","E10#1","Aspen",711851.569357,5090678.08943,711851.921471,5090677.371088,NA
"173","E10#2","Aspen",711851.569357,5090678.08943,711848.309705,5090680.042548,NA
"174","E10#3","B. Fir",711851.569357,5090678.08943,711850.309069,5090677.770564,NA
"175","E11#1","R. Maple",711826.508766,5090677.22989,711824.538955,5090677.957794,NA
"176","E11#2","W. Birch",711826.508766,5090677.22989,711827.778594,5090673.648335,NA
"177","E11#3","B. Fir",711826.508766,5090677.22989,711827.605966,5090679.805963,NA
"178","E12#1","W. Cedar",711776.389134,5090675.51116,711777.497733,5090676.664854,NA
"179","E12#2","S. Alder",711776.389134,5090675.51116,711776.855892,5090676.724477,NA
"180","E12#3","S. Alder",711776.389134,5090675.51116,711774.593796,5090673.918439,NA
"181","F1#1","R. Maple",712379.547089,5090646.20725,712377.382245,5090642.963263,NA
"182","F1#2","R. Maple",712379.547089,5090646.20725,712377.479898,5090645.837491,NA
"183","F1#3","B. Fir",712379.547089,5090646.20725,712378.518458,5090651.304496,NA
"184","F2#1","W. Birch",712354.487074,5090645.34559,712352.800104,5090645.555664,NA
"185","F2#2","B. Fir",712354.487074,5090645.34559,712353.347449,5090645.72143,NA
"186","F2#3","R. Maple",712354.487074,5090645.34559,712356.255078,5090647.251938,NA
"187","F3#1","B. Aspen",712304.36627,5090643.62256,712303.474191,5090643.503417,NA
"188","F3#2","R. Maple",712304.36627,5090643.62256,712304.769275,5090648.405612,NA
"189","F3#3","B. Fir",712304.36627,5090643.62256,712303.787295,5090643.465118,NA
"190","F4#1","Aspen",712204.125434,5090640.17773,712202.854991,5090640.765926,NA
"191","F4#2","Aspen",712204.125434,5090640.17773,712205.971446,5090640.627442,NA
"192","F4#3","B. Fir",712204.125434,5090640.17773,712204.323383,5090640.525316,NA
"193","F5#1","Aspen",712179.065418,5090639.31679,712178.843238,5090638.652986,NA
"194","F5#2","B. Fir",712179.065418,5090639.31679,712180.378585,5090640.041767,NA
"195","F5#3","Aspen",712179.065418,5090639.31679,712177.981102,5090634.949381,NA
"196","F6#1","B. Fir",712128.94461,5090637.59518,712128.994122,5090639.194414,NA
"197","F6#2","R. Maple",712128.94461,5090637.59518,712128.754951,5090634.300635,NA
"198","F6#3","Aspen",712128.94461,5090637.59518,712126.574732,5090643.755024,NA
"199","F7#1","Aspen",712028.703768,5090634.15321,712026.855281,5090630.381858,NA
"200","F7#2","Aspen",712028.703768,5090634.15321,712034.120328,5090635.574784,NA
"201","F7#3","B. Fir",712028.703768,5090634.15321,712032.678551,5090633.147677,NA
"202","F8#1","R. Maple",712003.643751,5090633.29298,712004.182027,5090627.518012,NA
"203","F8#2","Aspen",712003.643751,5090633.29298,712003.369432,5090633.93699,NA
"204","F8#3","B. Fir",712003.643751,5090633.29298,712004.104528,5090629.72259,NA
"205","F9#1","W. Birch",711953.523715,5090631.57282,711956.465214,5090628.167297,NA
"206","F9#2","Aspen",711953.523715,5090631.57282,711948.475926,5090629.957324,NA
"207","F9#3","R. Maple",711953.523715,5090631.57282,711958.941513,5090633.908942,NA
"208","F10#1","Aspen",711853.282867,5090628.1337,711853.369161,5090624.234655,NA
"209","F10#2","R. Maple",711853.282867,5090628.1337,711853.615806,5090627.406272,NA
"210","F10#3","R. Maple",711853.282867,5090628.1337,711850.594414,5090627.351256,NA
"211","F11#1","W. Cedar",711828.222073,5090627.27416,711826.829304,5090629.104513,NA
"212","F11#2","R. Maple",711828.222073,5090627.27416,711833.256679,5090622.12705,NA
"213","F11#3","W. Cedar",711828.222073,5090627.27416,711824.236466,5090623.199244,NA
"214","F12#1","W. Cedar",711778.102035,5090625.55542,711776.565005,5090621.219807,NA
"215","F12#2","B. Fir",711778.102035,5090625.55542,711781.617552,5090626.998035,NA
"216","F12#3","W. Cedar",711778.102035,5090625.55542,711780.248405,5090626.03822,NA
"217","G1#1","Aspen",712382.982595,5090546.29582,712381.879454,5090546.983627,NA
"218","G1#2","Aspen",712382.982595,5090546.29582,712384.455021,5090544.94232,NA
"219","G1#3","B. Fir",712382.982595,5090546.29582,712383.307417,5090542.810925,NA
"220","G2#1","R. Pine",712357.922174,5090545.43416,712355.629468,5090545.251129,NA
"221","G2#2","R. Maple",712357.922174,5090545.43416,712357.022737,5090545.465991,NA
"222","G2#3","R. Pine",712357.922174,5090545.43416,712356.13926,5090542.657252,NA
"223","G3#1","R. Maple",712307.800558,5090543.71112,712306.332177,5090542.209835,NA
"224","G3#2","R. Pine",712307.800558,5090543.71112,712307.736893,5090542.112387,NA
"225","G3#3","R. Pine",712307.800558,5090543.71112,712307.993551,5090543.658645,NA
"226","G4#1","R. Maple",712207.558098,5090540.26629,712210.73057,5090542.702562,NA
"227","G4#2","R. Pine",712207.558098,5090540.26629,712205.760633,5090540.361786,NA
"228","G4#3","B. Fir",712207.558098,5090540.26629,712208.936233,5090540.019826,NA
"229","G5#1","S. Alder",712182.497676,5090539.40535,712183.709989,5090538.074825,NA
"230","G5#2","R. Pine",712182.497676,5090539.40535,712191.120865,5090534.341694,NA
"231","G5#3","W. Birch",712182.497676,5090539.40535,712182.877017,5090547.19612,NA
"232","G6#1","B. Fir",712132.376057,5090537.68374,712135.794559,5090532.752833,NA
"233","G6#2","Aspen",712132.376057,5090537.68374,712131.857269,5090536.713761,NA
"234","G6#3","S. Maple",712132.376057,5090537.68374,712135.243207,5090536.262666,NA
"235","G7#1","Aspen",712032.13359,5090534.24176,712032.225994,5090536.139512,NA
"236","G7#2","S. Alder",712032.13359,5090534.24176,712031.91141,5090533.577956,NA
"237","G7#3","Blk. Ash",712032.13359,5090534.24176,712029.336332,5090534.117881,NA
"238","G8#1","R. Maple",712007.073167,5090533.38153,712009.740829,5090536.362063,NA
"239","G8#2","Aspen",712007.073167,5090533.38153,712005.466249,5090538.327014,NA
"240","G8#3","W. Birch",712007.073167,5090533.38153,712008.498064,5090535.186985,NA
"241","G9#1","Aspen",711956.95232,5090531.66137,711952.954823,5090531.802843,NA
"242","G9#2","W. Birch",711956.95232,5090531.66137,711954.988013,5090526.417183,NA
"243","G9#3","B. Fir",711956.95232,5090531.66137,711957.272354,5090533.837968,NA
"244","G10#1","Aspen",711856.709847,5090528.22225,711856.211803,5090528.266434,NA
"245","G10#2","B. Fir",711856.709847,5090528.22225,711855.156513,5090526.962427,NA
"246","G10#3","Aspen",711856.709847,5090528.22225,711863.790854,5090530.982566,NA
"247","G11#1","W. Birch",711831.648647,5090527.3627,711835.042079,5090520.118073,NA
"248","G11#2","Aspen",711831.648647,5090527.3627,711836.436521,5090520.953623,NA
"249","G11#3","B. Fir",711831.648647,5090527.3627,711822.477731,5090529.425297,NA
"250","G12#1","B. Fir",711781.527797,5090525.64397,711779.46907,5090526.877518,NA
"251","G12#2","R. Maple",711781.527797,5090525.64397,711776.89566,5090528.419454,NA
"252","G12#3","R. Maple",711781.527797,5090525.64397,711786.277691,5090531.44815,NA
"253","H1#1","R. Pine",712383.841463,5090521.31796,712383.827837,5090518.21799,NA
"254","H1#2","R. Maple",712383.841463,5090521.31796,712376.743966,5090521.129447,NA
"255","H1#3","B. Fir",712383.841463,5090521.31796,712379.945282,5090521.145414,NA
"256","H2#1","R. Maple",712358.780941,5090520.4563,712358.528973,5090523.4457,NA
"257","H2#2","W. Birch",712358.780941,5090520.4563,712357.08202,5090519.22193,NA
"258","H2#3","B. Fir",712358.780941,5090520.4563,712358.588898,5090520.225824,NA
"259","H3#1","R. Maple",712308.659122,5090518.73326,712308.802477,5090515.136115,NA
"260","H3#2","R. Pine",712308.659122,5090518.73326,712305.641059,5090516.960889,NA
"261","H3#3","B. Fir",712308.659122,5090518.73326,712307.587469,5090519.469168,NA
"262","H4#1","R. Pine",712208.416256,5090515.28844,712208.296884,5090512.290816,NA
"263","H4#2","S. Maple",712208.416256,5090515.28844,712209.403998,5090516.280593,NA
"264","H4#3","Aspen",712208.416256,5090515.28844,712211.289994,5090512.957854,NA
"265","H5#1","R. Maple",712183.355732,5090514.42749,712184.107213,5090512.043108,NA
"266","H5#2","R. Pine",712183.355732,5090514.42749,712185.115138,5090513.476443,NA
"267","H5#3","R. Maple",712183.355732,5090514.42749,712182.363365,5090519.837223,NA
"268","H6#1","R. Pine",712133.23391,5090512.70588,712132.27286,5090511.687852,NA
"269","H6#2","Aspen",712133.23391,5090512.70588,712138.746511,5090510.094132,NA
"270","H6#3","R. Maple",712133.23391,5090512.70588,712127.244678,5090515.478802,NA
"271","H7#1","Aspen",712032.991038,5090509.2639,712030.408232,5090508.965382,NA
"272","H7#2","B. Fir",712032.991038,5090509.2639,712031.955213,5090506.342074,NA
"273","H7#3","R. Maple",712032.991038,5090509.2639,712038.071072,5090509.714733,NA
"274","H8#1","R. Maple",712007.930513,5090508.40367,712007.699727,5090502.608263,NA
"275","H8#2","R. Maple",712007.930513,5090508.40367,712009.179036,5090505.675815,NA
"276","H8#3","Aspen",712007.930513,5090508.40367,712010.214885,5090506.617153,NA
"277","H9#1","B. Fir",711957.809463,5090506.68351,711964.907918,5090507.888471,NA
"278","H9#2","Aspen",711957.809463,5090506.68351,711958.149896,5090504.915996,NA
"279","H9#3","R. Maple",711957.809463,5090506.68351,711961.610076,5090508.694814,NA
"280","H10#1","Aspen",711857.566584,5090503.24439,711865.956939,5090505.1317,NA
"281","H10#2","Aspen",711857.566584,5090503.24439,711865.951987,5090506.513185,NA
"282","H10#3","Aspen",711857.566584,5090503.24439,711862.729184,5090507.356271,NA
"283","H11#1","Aspen",711832.505283,5090502.38484,711833.198157,5090503.105899,NA
"284","H11#2","Aspen",711832.505283,5090502.38484,711830.525689,5090505.860643,NA
"285","H11#3","Aspen",711832.505283,5090502.38484,711839.188492,5090502.85888,NA
"286","H12#1","B. Fir",711782.384229,5090500.66611,711782.768297,5090500.554344,NA
"287","H12#2","W. Birch",711782.384229,5090500.66611,711782.846006,5090506.14669,NA
"288","H12#3","Aspen",711782.384229,5090500.66611,711784.475962,5090498.244405,NA
"289","I1#1","Blk. Ash",712385.55919,5090471.36225,712381.652978,5090467.074884,NA
"290","I1#2","R. Maple",712385.55919,5090471.36225,712389.194149,5090476.507838,NA
"291","I1#3","Blk. Ash",712385.55919,5090471.36225,712377.398545,5090474.377854,NA
"292","I2#1","R. Maple",712360.498465,5090470.50059,712359.922628,5090466.037585,NA
"293","I2#2","R. Maple",712360.498465,5090470.50059,712361.544258,5090471.711506,NA
"294","I2#3","B. Fir",712360.498465,5090470.50059,712361.388878,5090472.943368,NA
"295","I3#1","Aspen",712310.376239,5090468.77755,712313.271137,5090467.990425,NA
"296","I3#2","R. Maple",712310.376239,5090468.77755,712313.413226,5090462.581849,NA
"297","I3#3","R. Maple",712310.376239,5090468.77755,712312.097081,5090476.590277,NA
"298","I4#1","S. Maple",712210.132561,5090465.33272,712210.731411,5090465.295586,NA
"299","I4#2","R. Pine",712210.132561,5090465.33272,712210.752008,5090462.397369,NA
"300","I4#3","R. Pine",712210.132561,5090465.33272,712208.128074,5090466.239381,NA
"301","I5#1","R. Maple",712185.071835,5090464.47178,712182.192219,5090465.86742,NA
"302","I5#2","R. Maple",712185.071835,5090464.47178,712185.315003,5090469.465863,NA
"303","I5#3","R. Pine",712185.071835,5090464.47178,712185.955631,5090473.126773,NA
"304","I6#1","R. Maple",712134.949607,5090462.75016,712137.81685,5090463.184804,NA
"305","I6#2","Aspen",712134.949607,5090462.75016,712137.79864,5090463.689846,NA
"306","I6#3","Aspen",712134.949607,5090462.75016,712135.079576,5090466.948149,NA
"307","I7#1","Aspen",712034.705923,5090459.30819,712033.546299,5090459.895789,NA
"308","I7#2","Aspen",712034.705923,5090459.30819,712035.075113,5090461.98283,NA
"309","I7#3","Aspen",712034.705923,5090459.30819,712030.289178,5090458.022746,NA
"310","I8#1","Aspen",712009.645195,5090458.44795,712009.46994,5090458.204464,NA
"311","I8#2","Aspen",712009.645195,5090458.44795,712010.802826,5090455.35766,NA
"312","I8#3","B. Fir",712009.645195,5090458.44795,712013.583768,5090455.367748,NA
"313","I9#1","Aspen",711959.523739,5090456.72779,711959.164663,5090456.247098,NA
"314","I9#2","Aspen",711959.523739,5090456.72779,711958.595517,5090456.137532,NA
"315","I9#3","B. Fir",711959.523739,5090456.72779,711959.777699,5090454.441854,NA
"316","I10#1","Aspen",711859.280048,5090453.28867,711861.85068,5090453.678351,NA
"317","I10#2","Aspen",711859.280048,5090453.28867,711860.047946,5090452.819274,NA
"318","I10#3","Y. Birch",711859.280048,5090453.28867,711859.14074,5090455.384044,NA
"319","I11#1","W. Birch",711834.218544,5090452.42912,711832.84112,5090453.023008,NA
"320","I11#2","Blk. Ash",711834.218544,5090452.42912,711840.518544,5090452.42912,NA
"321","I11#3","B. Fir",711834.218544,5090452.42912,711832.351689,5090453.593102,NA
"322","I12#1","W. Birch",711784.097084,5090450.71039,711785.530659,5090449.999853,NA
"323","I12#2","Blk. Ash",711784.097084,5090450.71039,711783.30583,5090454.631349,NA
"324","I12#3","Blk. Ash",711784.097084,5090450.71039,711787.420956,5090451.806691,NA
"325","J1#1","B. Fir",712388.994565,5090371.45195,712391.433351,5090372.353239,NA
"326","J1#2","B. Fir",712388.994565,5090371.45195,712389.801049,5090373.061168,NA
"327","J1#3","B. Aspen",712388.994565,5090371.45195,712389.728172,5090372.271597,NA
"328","J2#1","Aspen",712363.933435,5090370.59029,712367.3717,5090371.657217,NA
"329","J2#2","B. Aspen",712363.933435,5090370.59029,712364.065478,5090370.320912,NA
"330","J2#3","B. Fir",712363.933435,5090370.59029,712361.624716,5090369.394541,NA
"331","J3#1","Aspen",712313.810397,5090368.86725,712311.47366,5090365.620766,NA
"332","J3#2","B. Fir",712313.810397,5090368.86725,712316.870403,5090372.166699,NA
"333","J3#3","R. Maple",712313.810397,5090368.86725,712313.482156,5090371.244698,NA
"334","J4#1","R. Pine",712213.565095,5090365.42242,712210.099233,5090362.711738,NA
"335","J4#2","R. Pine",712213.565095,5090365.42242,712215.379735,5090365.98552,NA
"336","J4#3","R. Maple",712213.565095,5090365.42242,712213.05384,5090367.562191,NA
"337","J5#1","B. Fir",712188.503963,5090364.56147,712186.550857,5090362.417787,NA
"338","J5#2","R. Pine",712188.503963,5090364.56147,712193.66577,5090362.389893,NA
"339","J5#3","R. Maple",712188.503963,5090364.56147,712188.088226,5090364.994093,NA
"340","J6#1","Y. Birch",712138.380923,5090362.83985,712145.040686,5090365.301061,NA
"341","J6#2","S. Alder",712138.380923,5090362.83985,712140.36063,5090363.799412,NA
"342","J6#3","B. Fir",712138.380923,5090362.83985,712139.029149,5090364.192552,NA
"343","J7#1","S. Alder",712038.135615,5090359.39787,712037.320569,5090360.889748,NA
"344","J7#2","S. Alder",712038.135615,5090359.39787,712035.173764,5090357.728307,NA
"345","J7#3","B. Fir",712038.135615,5090359.39787,712034.554312,5090360.941978,NA
"346","J8#1","S. Alder",712013.074481,5090358.53764,712014.174438,5090358.527937,NA
"347","J8#2","S. Alder",712013.074481,5090358.53764,712013.665826,5090359.344058,NA
"348","J8#3","B. Fir",712013.074481,5090358.53764,712015.265868,5090358.732117,NA
"349","J9#1","Aspen",711962.952213,5090356.81748,711959.679834,5090354.695798,NA
"350","J9#2","R. Maple",711962.952213,5090356.81748,711966.250145,5090356.934294,NA
"351","J9#3","Aspen",711962.952213,5090356.81748,711963.984007,5090357.198794,NA
"352","J10#1","Aspen",711862.706899,5090353.37835,711866.441805,5090352.25564,NA
"353","J10#2","S. Maple",711862.706899,5090353.37835,711867.932151,5090354.265335,NA
"354","J10#3","W. Birch",711862.706899,5090353.37835,711860.069986,5090358.205014,NA
"355","J11#1","R. Maple",711837.644988,5090352.5188,711838.847983,5090349.125748,NA
"356","J11#2","R. Maple",711837.644988,5090352.5188,711839.801689,5090348.118954,NA
"357","J11#3","B. Fir",711837.644988,5090352.5188,711837.437119,5090352.735111,NA
"358","J12#1","Y. Birch",711787.522717,5090350.80006,711787.041846,5090344.418151,NA
"359","J12#2","B. Fir",711787.522717,5090350.80006,711788.059803,5090358.882234,NA
"360","J12#3","Y. Birch",711787.522717,5090350.80006,711781.635239,5090356.50774,NA
"361","K1#1","R. Maple",712389.853411,5090346.4741,712390.741285,5090342.266763,NA
"362","K1#2","Aspen",712389.853411,5090346.4741,712395.38758,5090348.519332,NA
"363","K1#3","B. Fir",712389.853411,5090346.4741,712386.671452,5090348.157887,NA
"364","K2#1","R. Maple",712364.792178,5090345.61244,712359.642739,5090346.866745,NA
"365","K2#2","Y. Birch",712364.792178,5090345.61244,712368.283407,5090345.860073,NA
"366","K2#3","R. Maple",712364.792178,5090345.61244,712367.056256,5090345.207534,NA
"367","K3#1","R. Maple",712314.668938,5090343.8894,712315.462803,5090343.988282,NA
"368","K3#2","B. Fir",712314.668938,5090343.8894,712315.18361,5090341.647724,NA
"369","K3#3","R. Maple",712314.668938,5090343.8894,712310.616111,5090341.509359,NA
"370","K4#1","R. Pine",712214.42323,5090340.44456,712215.644501,5090341.315477,NA
"371","K4#2","R. Pine",712214.42323,5090340.44456,712214.46297,5090343.444297,NA
"372","K4#3","S. Maple",712214.42323,5090340.44456,712217.679738,5090343.833535,NA
"373","K5#1","R. Pine",712189.361996,5090339.58362,712186.859501,5090334.240632,NA
"374","K5#2","R. Maple",712189.361996,5090339.58362,712187.899956,5090336.850044,NA
"375","K5#3","R. Pine",712189.361996,5090339.58362,712191.688698,5090338.995015,NA
"376","K6#1","B. Fir",712139.238753,5090337.862,712140.628017,5090338.035044,NA
"377","K6#2","Aspen",712139.238753,5090337.862,712137.937413,5090333.974004,NA
"378","K6#3","S. Alder",712139.238753,5090337.862,712139.39438,5090341.058213,NA
"379","K7#1","S. Alder",712038.993039,5090334.42002,712039.911358,5090335.968145,NA
"380","K7#2","S. Alder",712038.993039,5090334.42002,712040.680967,5090335.669379,NA
"381","K7#3","B. Fir",712038.993039,5090334.42002,712042.802728,5090333.200892,NA
"382","K8#1","Blk. Ash",712013.931804,5090333.55979,712012.630324,5090337.129965,NA
"383","K8#2","Blk. Ash",712013.931804,5090333.55979,712011.48283,5090337.688049,NA
"384","K8#3","S. Alder",712013.931804,5090333.55979,712013.57126,5090331.490972,NA
"385","K9#1","B. Fir",711963.809333,5090331.83962,711963.569342,5090331.289707,NA
"386","K9#2","Aspen",711963.809333,5090331.83962,711962.480535,5090335.929155,NA
"387","K9#3","Aspen",711963.809333,5090331.83962,711964.061211,5090334.829028,NA
"388","K10#1","Y. Birch",711863.563613,5090328.40049,711861.047526,5090331.113294,NA
"389","K10#2","B. Fir",711863.563613,5090328.40049,711862.053222,5090328.92843,NA
"390","K10#3","R. Maple",711863.563613,5090328.40049,711859.689404,5090327.952712,NA
"391","K11#1","R. Maple",711838.501601,5090327.54095,711839.029333,5090328.000841,NA
"392","K11#2","Aspen",711838.501601,5090327.54095,711842.679722,5090325.869632,NA
"393","K11#3","Aspen",711838.501601,5090327.54095,711840.4167,5090332.267724,NA
"394","K12#1","W. Birch",711788.379127,5090325.82221,711787.188256,5090323.854514,NA
"395","K12#2","W. Birch",711788.379127,5090325.82221,711788.023063,5090327.586641,NA
"396","K12#3","R. Maple",711788.379127,5090325.82221,711785.385882,5090323.481166,NA
"397","L1#1","R. Maple",712391.571091,5090296.5184,712395.724621,5090297.97036,NA
"398","L1#2","R. Maple",712391.571091,5090296.5184,712389.86439,5090302.686639,NA
"399","L1#3","B. Fir",712391.571091,5090296.5184,712387.884133,5090294.967162,NA
"400","L2#1","B. Fir",712366.509656,5090295.65674,712366.027738,5090293.715669,NA
"401","L2#2","B. Fir",712366.509656,5090295.65674,712364.84786,5090295.298362,NA
"402","L2#3","Aspen",712366.509656,5090295.65674,712368.037054,5090296.609135,NA
"403","L3#1","R. Maple",712316.38601,5090293.93369,712315.442427,5090294.499066,NA
"404","L3#2","R. Maple",712316.38601,5090293.93369,712315.087841,5090294.00266,NA
"405","L3#3","B. Fir",712316.38601,5090293.93369,712316.566702,5090293.257413,NA
"406","L4#1","R. Maple",712216.13949,5090290.48886,712215.881388,5090289.522742,NA
"407","L4#2","R. Pine",712216.13949,5090290.48886,712221.313946,5090285.198774,NA
"408","L4#3","Aspen",712216.13949,5090290.48886,712215.088795,5090292.190635,NA
"409","L5#1","Aspen",712191.078053,5090289.62791,712193.316059,5090286.073852,NA
"410","L5#2","R. Pine",712191.078053,5090289.62791,712188.861354,5090292.336461,NA
"411","L5#3","R. Pine",712191.078053,5090289.62791,712193.046817,5090289.275818,NA
"412","L6#1","R. Pine",712140.954404,5090287.9063,712139.65127,5090284.230454,NA
"413","L6#2","R. Pine",712140.954404,5090287.9063,712143.207959,5090289.203022,NA
"414","L6#3","S. Maple",712140.954404,5090287.9063,712139.819822,5090286.139177,NA
"415","L7#1","R. Maple",712040.707878,5090284.46431,712041.40201,5090280.018168,NA
"416","L7#2","Y. Birch",712040.707878,5090284.46431,712039.585378,5090283.187598,NA
"417","L7#3","B. Fir",712040.707878,5090284.46431,712041.693581,5090286.431132,NA
"418","L8#1","W. Birch",712015.64644,5090283.60408,712012.711913,5090286.882578,NA
"419","L8#2","R. Maple",712015.64644,5090283.60408,712013.576047,5090283.955465,NA
"420","L8#3","Blk. Ash",712015.64644,5090283.60408,712012.294374,5090284.172988,NA
"421","L9#1","R. Maple",711965.523563,5090281.88392,711962.147631,5090284.382536,NA
"422","L9#2","R. Maple",711965.523563,5090281.88392,711964.747712,5090286.113347,NA
"423","L9#3","Blk. Ash",711965.523563,5090281.88392,711963.885743,5090286.92451,NA
"424","L10#1","B. Fir",711865.277031,5090278.44478,711865.09112,5090279.222878,NA
"425","L10#2","B. Fir",711865.277031,5090278.44478,711865.194381,5090277.347889,NA
"426","L10#3","B. Aspen",711865.277031,5090278.44478,711864.351424,5090276.785487,NA
"427","L11#1","B. Aspen",711840.214816,5090277.58524,711842.483433,5090278.635658,NA
"428","L11#2","R. Maple",711840.214816,5090277.58524,711839.072109,5090280.141452,NA
"429","L11#3","B. Fir",711840.214816,5090277.58524,711842.032868,5090275.726561,NA
"430","L12#1","W. Birch",711790.091936,5090275.8665,711789.981549,5090274.872611,NA
"431","L12#2","W. Birch",711790.091936,5090275.8665,711789.237806,5090275.023611,NA
"432","L12#3","Aspen",711790.091936,5090275.8665,711789.994711,5090271.467574,NA
"433","M1#1","S. Maple",711141.531962,5092511.8018,711140.891985,5092510.335366,NA
"434","M1#2","S. Maple",711141.531962,5092511.8018,711142.288407,5092516.946486,NA
"435","M1#3","S. Maple",711141.531962,5092511.8018,711146.078004,5092512.994907,NA
"436","M2#1","S. Maple",711116.479111,5092510.94491,711121.632603,5092506.207662,NA
"437","M2#2","R. Pine",711116.479111,5092510.94491,711119.575618,5092504.334188,NA
"438","M2#3","R. Pine",711116.479111,5092510.94491,711109.319665,5092511.70802,NA
"439","M3#1","R. Maple",711066.374164,5092509.23145,711067.007073,5092512.368236,NA
"440","M3#2","R. Pine",711066.374164,5092509.23145,711064.019511,5092508.767114,NA
"441","M3#3","R. Pine",711066.374164,5092509.23145,711067.906433,5092508.770851,NA
"442","M4#1","S. Maple",710966.164267,5092505.80576,710965.418301,5092504.621051,NA
"443","M4#2","S. Maple",710966.164267,5092505.80576,710970.004948,5092504.688098,NA
"444","M4#3","S. Maple",710966.164267,5092505.80576,710963.593487,5092499.618588,NA
"445","M5#1","S. Maple",710941.111792,5092504.94959,710944.807953,5092500.350852,NA
"446","M5#2","R. Pine",710941.111792,5092504.94959,710938.628039,5092508.336472,NA
"447","M5#3","R. Pine",710941.111792,5092504.94959,710945.572205,5092504.354007,NA
"448","M6#1","R. Pine",710891.006842,5092503.23756,710891.356467,5092502.880122,NA
"449","M6#2","S. Maple",710891.006842,5092503.23756,710890.426492,5092503.389854,NA
"450","M6#3","B. Fir",710891.006842,5092503.23756,710890.331897,5092504.229754,NA
"451","M7#1","S. Maple",710790.796939,5092499.81471,710787.777845,5092498.251038,NA
"452","M7#2","S. Maple",710790.796939,5092499.81471,710787.747975,5092498.096043,NA
"453","M7#3","S. Maple",710790.796939,5092499.81471,710785.588178,5092500.793896,NA
"454","M8#1","S. Maple",710765.744463,5092498.95926,710762.773391,5092497.770677,NA
"455","M8#2","S. Maple",710765.744463,5092498.95926,710760.075269,5092494.68489,NA
"456","M8#3","W. Birch",710765.744463,5092498.95926,710768.765004,5092495.759833,NA
"457","M9#1","S. Maple",710715.63951,5092497.24865,710709.7241,5092498.252606,NA
"458","M9#2","S. Maple",710715.63951,5092497.24865,710716.579364,5092493.463591,NA
"459","M9#3","S. Maple",710715.63951,5092497.24865,710722.979595,5092494.609871,NA
"460","M10#1","S. Maple",710615.429601,5092493.82866,710609.767239,5092490.636849,NA
"461","M10#2","S. Maple",710615.429601,5092493.82866,710618.558449,5092496.320709,NA
"462","M10#3","Y. Birch",710615.429601,5092493.82866,710614.858567,5092486.250143,NA
"463","M11#1","S. Maple",710590.377123,5092492.97392,710594.222901,5092494.395183,NA
"464","M11#2","Aspen",710590.377123,5092492.97392,710588.092805,5092491.187334,NA
"465","M11#3","Aspen",710590.377123,5092492.97392,710591.5798,5092493.467446,NA
"466","M12#1","Aspen",710540.272167,5092491.26474,710539.497065,5092489.751724,NA
"467","M12#2","Aspen",710540.272167,5092491.26474,710541.350292,5092490.538347,NA
"468","M12#3","Aspen",710540.272167,5092491.26474,710537.974419,5092491.162982,NA
"469","N1#1","S. Maple",711142.386342,5092486.8239,711141.629883,5092488.001937,NA
"470","N1#2","R. Maple",711142.386342,5092486.8239,711139.938257,5092489.463385,NA
"471","N1#3","S. Maple",711142.386342,5092486.8239,711138.656873,5092484.892305,NA
"472","N2#1","S. Maple",711117.333389,5092485.96701,711116.936702,5092482.892496,NA
"473","N2#2","S. Maple",711117.333389,5092485.96701,711120.725949,5092488.92345,NA
"474","N2#3","R. Pine",711117.333389,5092485.96701,711123.443958,5092480.349987,NA
"475","N3#1","S. Maple",711067.228239,5092484.25355,711062.51087,5092485.14036,NA
"476","N3#2","S. Maple",711067.228239,5092484.25355,711067.520349,5092485.209935,NA
"477","N3#3","R. Pine",711067.228239,5092484.25355,711072.586137,5092479.748783,NA
"478","N4#1","R. Pine",710967.017936,5092480.82785,710968.303195,5092479.042323,NA
"479","N4#2","S. Maple",710967.017936,5092480.82785,710970.625143,5092485.747002,NA
"480","N4#3","R. Pine",710967.017936,5092480.82785,710966.39986,5092477.281305,NA
"481","N5#1","R. Pine",710941.96536,5092479.97169,710942.819515,5092479.128826,NA
"482","N5#2","R. Pine",710941.96536,5092479.97169,710939.766139,5092478.782815,NA
"483","N5#3","S. Maple",710941.96536,5092479.97169,710938.439662,5092480.699323,NA
"484","N6#1","S. Maple",710891.860207,5092478.25965,710889.289117,5092484.011128,NA
"485","N6#2","S. Maple",710891.860207,5092478.25965,710888.995303,5092480.756113,NA
"486","N6#3","R. Pine",710891.860207,5092478.25965,710893.0794,5092471.265112,NA
"487","N7#1","S. Maple",710791.649898,5092474.83681,710792.194257,5092475.792672,NA
"488","N7#2","S. Maple",710791.649898,5092474.83681,710791.567838,5092475.431172,NA
"489","N7#3","R. Maple",710791.649898,5092474.83681,710794.665471,5092465.82813,NA
"490","N8#1","R. Maple",710766.59732,5092473.98135,710768.445921,5092470.210054,NA
"491","N8#2","S. Maple",710766.59732,5092473.98135,710760.034495,5092474.680868,NA
"492","N8#3","S. Maple",710766.59732,5092473.98135,710762.597467,5092464.816135,NA
"493","N9#1","R. Maple",710716.492164,5092472.27075,710721.715276,5092473.641554,NA
"494","N9#2","R. Maple",710716.492164,5092472.27075,710712.784773,5092473.104566,NA
"495","N9#3","S. Maple",710716.492164,5092472.27075,710721.238292,5092476.711951,NA
"496","N10#1","S. Maple",710616.281849,5092468.85076,710617.423078,5092463.880086,NA
"497","N10#2","S. Maple",710616.281849,5092468.85076,710615.292052,5092470.588662,NA
"498","N10#3","S. Maple",710616.281849,5092468.85076,710619.350813,5092469.288325,NA
"499","N11#1","R. Maple",710591.229269,5092467.99601,710588.323975,5092464.691579,NA
"500","N11#2","S. Maple",710591.229269,5092467.99601,710590.629025,5092468.666612,NA
"501","N11#3","S. Maple",710591.229269,5092467.99601,710588.026283,5092464.835175,NA
"502","N12#1","S. Maple",710541.12411,5092466.28683,710541.469038,5092466.084284,NA
"503","N12#2","S. Maple",710541.12411,5092466.28683,710541.292839,5092466.534884,NA
"504","N12#3","S. Maple",710541.12411,5092466.28683,710540.969137,5092467.57756,NA
"505","O1#1","B. Aspen",711144.095092,5092436.8681,711142.25516,5092432.652101,NA
"506","O1#2","S. Maple",711144.095092,5092436.8681,711144.182632,5092438.66597,NA
"507","O1#3","S. Maple",711144.095092,5092436.8681,711141.030094,5092437.332627,NA
"508","O2#1","B. Aspen",711119.041936,5092436.01121,711119.56597,5092438.044775,NA
"509","O2#2","S. Maple",711119.041936,5092436.01121,711122.65174,5092436.823192,NA
"510","O2#3","S. Maple",711119.041936,5092436.01121,711122.747965,5092432.222365,NA
"511","O3#1","S. Maple",711068.93638,5092434.29775,711070.629651,5092435.998583,NA
"512","O3#2","S. Maple",711068.93638,5092434.29775,711073.932115,5092436.347782,NA
"513","O3#3","S. Maple",711068.93638,5092434.29775,711073.533187,5092432.915953,NA
"514","O4#1","R. Pine",710968.725265,5092430.87205,710971.810436,5092429.700846,NA
"515","O4#2","R. Pine",710968.725265,5092430.87205,710970.224071,5092428.626258,NA
"516","O4#3","S. Maple",710968.725265,5092430.87205,710972.025137,5092430.84294,NA
"517","O5#1","R. Pine",710943.672486,5092430.01588,710943.123086,5092426.863395,NA
"518","O5#2","R. Pine",710943.672486,5092430.01588,710942.667158,5092431.386761,NA
"519","O5#3","S. Maple",710943.672486,5092430.01588,710946.872361,5092429.987652,NA
"520","O6#1","R. Pine",710893.566926,5092428.30385,710895.161193,5092427.270258,NA
"521","O6#2","R. Pine",710893.566926,5092428.30385,710889.768177,5092429.556651,NA
"522","O6#3","S. Maple",710893.566926,5092428.30385,710890.770969,5092423.684042,NA
"523","O7#1","R. Maple",710793.355805,5092424.88101,710791.832355,5092427.920599,NA
"524","O7#2","S. Maple",710793.355805,5092424.88101,710792.634452,5092422.591982,NA
"525","O7#3","S. Maple",710793.355805,5092424.88101,710793.288094,5092429.98056,NA
"526","O8#1","Y. Birch",710768.303024,5092424.02555,710761.203302,5092423.962706,NA
"527","O8#2","R. Maple",710768.303024,5092424.02555,710767.646288,5092433.903743,NA
"528","O8#3","R. Maple",710768.303024,5092424.02555,710774.572884,5092431.687068,NA
"529","O9#1","S. Maple",710718.197462,5092422.31494,710718.594964,5092418.736953,NA
"530","O9#2","R. Maple",710718.197462,5092422.31494,710722.105531,5092425.101874,NA
"531","O9#3","S. Maple",710718.197462,5092422.31494,710724.046596,5092425.150011,NA
"532","O10#1","R. Maple",710617.986335,5092418.89495,710614.925513,5092425.741947,NA
"533","O10#2","R. Maple",710617.986335,5092418.89495,710627.909652,5092420.13098,NA
"534","O10#3","R. Maple",710617.986335,5092418.89495,710612.700557,5092413.295793,NA
"535","O11#1","R. Maple",710592.933552,5092418.04021,710593.707346,5092418.243292,NA
"536","O11#2","R. Maple",710592.933552,5092418.04021,710591.024869,5092413.96505,NA
"537","O11#3","R. Maple",710592.933552,5092418.04021,710587.761264,5092421.4589,NA
"538","O12#1","R. Maple",710542.827987,5092416.33102,710543.86051,5092412.46658,NA
"539","O12#2","R. Maple",710542.827987,5092416.33102,710543.106818,5092417.498176,NA
"540","O12#3","R. Maple",710542.827987,5092416.33102,710541.382818,5092409.481824,NA
"541","P1#1","Y. Birch",711147.512553,5092336.95651,711149.912177,5092336.998995,NA
"542","P1#2","S. Maple",711147.512553,5092336.95651,711149.036211,5092332.404756,NA
"543","P1#3","R. Maple",711147.512553,5092336.95651,711151.392988,5092334.677865,NA
"544","P2#1","R. Pine",711122.458991,5092336.09962,711127.208575,5092340.238636,NA
"545","P2#2","S. Alder",711122.458991,5092336.09962,711124.927647,5092333.909703,NA
"546","P2#3","S. Maple",711122.458991,5092336.09962,711126.654884,5092335.913927,NA
"547","P3#1","S. Maple",711072.352622,5092334.38616,711074.289773,5092331.591979,NA
"548","P3#2","S. Maple",711072.352622,5092334.38616,711077.622697,5092330.412961,NA
"549","P3#3","R. Pine",711072.352622,5092334.38616,711074.480435,5092335.259322,NA
"550","P4#1","S. Maple",710972.139883,5092330.96046,710972.543125,5092331.765069,NA
"551","P4#2","S. Maple",710972.139883,5092330.96046,710968.570769,5092333.701158,NA
"552","P4#3","S. Maple",710972.139883,5092330.96046,710972.047077,5092326.761485,NA
"553","P5#1","R. Pine",710947.086698,5092330.10429,710948.022352,5092326.835567,NA
"554","P5#2","R. Pine",710947.086698,5092330.10429,710947.803417,5092332.184269,NA
"555","P5#3","B. Fir",710947.086698,5092330.10429,710948.255077,5092329.830627,NA
"556","P6#1","R. Pine",710896.980326,5092328.39225,710903.546289,5092330.818796,NA
"557","P6#2","R. Pine",710896.980326,5092328.39225,710898.916955,5092324.441368,NA
"558","P6#3","S. Maple",710896.980326,5092328.39225,710904.555348,5092325.819499,NA
"559","P7#1","S. Maple",710796.767581,5092324.96941,710795.78866,5092323.968553,NA
"560","P7#2","S. Maple",710796.767581,5092324.96941,710793.454884,5092319.030889,NA
"561","P7#3","S. Maple",710796.767581,5092324.96941,710802.122176,5092319.297698,NA
"562","P8#1","S. Maple",710771.714394,5092324.11395,710772.414173,5092320.480727,NA
"563","P8#2","Y. Birch",710771.714394,5092324.11395,710768.500404,5092325.499688,NA
"564","P8#3","R. Maple",710771.714394,5092324.11395,710774.753067,5092326.715193,NA
"565","P9#1","S. Maple",710721.608019,5092322.40334,710726.649208,5092321.12803,NA
"566","P9#2","S. Maple",710721.608019,5092322.40334,710717.391873,5092326.94912,NA
"567","P9#3","S. Maple",710721.608019,5092322.40334,710721.393682,5092312.705708,NA
"568","P10#1","R. Maple",710621.395268,5092318.98334,710617.191091,5092321.870362,NA
"569","P10#2","S. Maple",710621.395268,5092318.98334,710618.172077,5092317.166463,NA
"570","P10#3","S. Maple",710621.395268,5092318.98334,710622.163848,5092316.815557,NA
"571","P11#1","R. Maple",710596.342079,5092318.1286,710595.663871,5092312.872172,NA
"572","P11#2","S. Maple",710596.342079,5092318.1286,710595.356759,5092310.491903,NA
"573","P11#3","S. Maple",710596.342079,5092318.1286,710600.383122,5092313.693516,NA
"574","P12#1","R. Maple",710546.235702,5092316.41941,710550.228149,5092322.886277,NA
"575","P12#2","R. Maple",710546.235702,5092316.41941,710546.991534,5092311.578055,NA
"576","P12#3","S. Maple",710546.235702,5092316.41941,710552.841209,5092317.540693,NA
"577","Q1#1","Aspen",711148.36691,5092311.97862,711144.665681,5092308.3261,NA
"578","Q1#2","Y. Birch",711148.36691,5092311.97862,711150.39812,5092312.51171,NA
"579","Q1#3","R. Pine",711148.36691,5092311.97862,711151.294086,5092310.6857,NA
"580","Q2#1","S. Maple",711123.313246,5092311.12172,711124.159882,5092311.972136,NA
"581","Q2#2","W. Birch",711123.313246,5092311.12172,711122.209374,5092301.182833,NA
"582","Q2#3","R. Pine",711123.313246,5092311.12172,711126.020545,5092308.042672,NA
"583","Q3#1","R. Pine",711073.206675,5092309.40826,711072.390283,5092310.145487,NA
"584","Q3#2","R. Pine",711073.206675,5092309.40826,711072.22389,5092309.593012,NA
"585","Q3#3","S. Maple",711073.206675,5092309.40826,711075.612029,5092310.395313,NA
"586","Q4#1","R. Pine",710972.993529,5092305.98256,710968.07269,5092304.01397,NA
"587","Q4#2","R. Pine",710972.993529,5092305.98256,710969.937265,5092306.930847,NA
"588","Q4#3","S. Maple",710972.993529,5092305.98256,710973.81786,5092306.548668,NA
"589","Q5#1","R. Pine",710947.940242,5092305.12639,710948.144719,5092305.795859,NA
"590","Q5#2","R. Pine",710947.940242,5092305.12639,710950.931923,5092303.990677,NA
"591","Q5#3","S. Maple",710947.940242,5092305.12639,710944.632482,5092300.858051,NA
"592","Q6#1","S. Maple",710897.833668,5092303.41436,710898.654754,5092305.127783,NA
"593","Q6#2","R. Maple",710897.833668,5092303.41436,710897.03767,5092307.027722,NA
"594","Q6#3","B. Fir",710897.833668,5092303.41436,710899.110429,5092301.501278,NA
"595","Q7#1","R. Maple",710797.620516,5092299.99151,710791.597338,5092304.788522,NA
"596","Q7#2","Blk. Ash",710797.620516,5092299.99151,710802.667165,5092304.549068,NA
"597","Q7#3","R. Maple",710797.620516,5092299.99151,710791.108432,5092298.033767,NA
"598","Q8#1","R. Maple",710772.567228,5092299.13605,710777.562455,5092301.667394,NA
"599","Q8#2","S. Maple",710772.567228,5092299.13605,710777.542396,5092302.117275,NA
"600","Q8#3","Y. Birch",710772.567228,5092299.13605,710780.289203,5092298.035547,NA
"601","Q9#1","S. Maple",710722.460651,5092297.42544,710722.299346,5092290.127222,NA
"602","Q9#2","S. Maple",710722.460651,5092297.42544,710721.922037,5092296.704403,NA
"603","Q9#3","S. Maple",710722.460651,5092297.42544,710727.734227,5092289.52358,NA
"604","Q10#1","R. Maple",710622.247493,5092294.00544,710621.991435,5092293.698138,NA
"605","Q10#2","S. Maple",710622.247493,5092294.00544,710617.765315,5092292.02552,NA
"606","Q10#3","S. Maple",710622.247493,5092294.00544,710627.247298,5092293.961334,NA
"607","Q11#1","S. Maple",710597.194203,5092293.1507,710596.895687,5092297.640788,NA
"608","Q11#2","R. Maple",710597.194203,5092293.1507,710603.258569,5092294.857589,NA
"609","Q11#3","S. Maple",710597.194203,5092293.1507,710590.994506,5092287.937854,NA
"610","Q12#1","R. Maple",710547.087622,5092291.44151,710544.294633,5092291.639532,NA
"611","Q12#2","R. Maple",710547.087622,5092291.44151,710544.392803,5092291.274325,NA
"612","Q12#3","R. Maple",710547.087622,5092291.44151,710541.844276,5092295.771328,NA
"613","R1#1","B. Aspen",711150.075614,5092262.02283,711155.917507,5092260.654516,NA
"614","R1#2","S. Maple",711150.075614,5092262.02283,711147.887091,5092257.750785,NA
"615","R1#3","R. Maple",711150.075614,5092262.02283,711150.438071,5092261.423977,NA
"616","R2#1","S. Maple",711125.021747,5092261.16594,711122.659441,5092264.63862,NA
"617","R2#2","W. Birch",711125.021747,5092261.16594,711121.837385,5092260.300007,NA
"618","R2#3","R. Pine",711125.021747,5092261.16594,711127.747964,5092260.527394,NA
"619","R3#1","S. Maple",711074.91477,5092259.45247,711074.425798,5092262.412353,NA
"620","R3#2","S. Maple",711074.91477,5092259.45247,711076.993233,5092263.102126,NA
"621","R3#3","B. Fir",711074.91477,5092259.45247,711070.782126,5092266.418908,NA
"622","R4#1","S. Maple",710974.700812,5092256.02677,710978.324799,5092259.019548,NA
"623","R4#2","R. Pine",710974.700812,5092256.02677,710976.252259,5092264.485671,NA
"624","R4#3","R. Pine",710974.700812,5092256.02677,710969.132384,5092258.973397,NA
"625","R5#1","S. Maple",710949.647322,5092255.1706,710948.48348,5092253.668777,NA
"626","R5#2","S. Maple",710949.647322,5092255.1706,710954.949837,5092253.369674,NA
"627","R5#3","S. Maple",710949.647322,5092255.1706,710943.568086,5092253.517455,NA
"628","R6#1","S. Maple",710899.540342,5092253.45857,710896.501343,5092254.46081,NA
"629","R6#2","S. Maple",710899.540342,5092253.45857,710902.415915,5092258.951391,NA
"630","R6#3","S. Maple",710899.540342,5092253.45857,710893.549035,5092250.937809,NA
"631","R6#4","Basswood",710899.540342,5092253.45857,710897.930011,5092245.826609,NA
"632","R6#5","Basswood",710899.540342,5092253.45857,710890.76825,5092252.758278,NA
"633","R6#6","Basswood",710899.540342,5092253.45857,710896.588521,5092244.639457,NA
"634","R7#1","S. Maple",710799.326378,5092250.03571,710798.242062,5092245.668301,NA
"635","R7#2","S. Maple",710799.326378,5092250.03571,710795.025259,5092249.108144,NA
"636","R7#3","S. Maple",710799.326378,5092250.03571,710798.998663,5092249.806357,NA
"637","R7#4","Basswood",710799.326378,5092250.03571,710797.46693,5092259.249963,NA
"638","R7#5","Basswood",710799.326378,5092250.03571,710793.135694,5092248.054441,NA
"639","R8#1","S. Maple",710774.272887,5092249.18026,710775.540027,5092250.596013,NA
"640","R8#2","S. Maple",710774.272887,5092249.18026,710773.526205,5092251.878865,NA
"641","R8#3","S. Maple",710774.272887,5092249.18026,710769.530217,5092246.395106,NA
"642","R9#1","S. Maple",710724.165903,5092247.46965,710723.581718,5092247.332801,NA
"643","R9#2","S. Maple",710724.165903,5092247.46965,710724.651739,5092243.096555,NA
"644","R9#3","S. Maple",710724.165903,5092247.46965,710729.969361,5092248.992765,NA
"645","R9#4","Basswood",710724.165903,5092247.46965,710733.123303,5092246.595013,NA
"646","R9#5","Basswood",710724.165903,5092247.46965,710734.065871,5092246.058748,NA
"647","R10#1","R. Maple",710623.951933,5092244.04965,710623.631927,5092245.206195,NA
"648","R10#2","R. Maple",710623.951933,5092244.04965,710623.010907,5092243.711317,NA
"649","R10#3","R. Maple",710623.951933,5092244.04965,710624.429342,5092251.233805,NA
"650","R11#1","R. Maple",710598.89844,5092243.1949,710596.605734,5092243.011869,NA
"651","R11#2","R. Maple",710598.89844,5092243.1949,710599.845318,5092242.873306,NA
"652","R11#3","R. Maple",710598.89844,5092243.1949,710600.526802,5092244.356122,NA
"653","R12#1","R. Maple",710548.791454,5092241.48572,710547.772553,5092243.877757,NA
"654","R12#2","S. Maple",710548.791454,5092241.48572,710552.589072,5092241.620234,NA
"655","R12#3","S. Maple",710548.791454,5092241.48572,710549.760534,5092238.752428,NA
"656","S1#1","B. Aspen",711153.492984,5092162.11127,711148.616192,5092161.634932,NA
"657","S1#2","S. Maple",711153.492984,5092162.11127,711151.228918,5092161.706296,NA
"658","S1#3","R. Maple",711153.492984,5092162.11127,711152.293028,5092159.361705,NA
"659","S2#1","S. Maple",711128.43871,5092161.25437,711128.676645,5092161.43709,NA
"660","S2#2","S. Maple",711128.43871,5092161.25437,711127.557285,5092161.436278,NA
"661","S2#3","R. Maple",711128.43871,5092161.25437,711129.763894,5092160.03622,NA
"662","S3#1","Aspen",711078.330921,5092159.5409,711082.509097,5092163.117609,NA
"663","S3#2","Aspen",711078.330921,5092159.5409,711077.82199,5092156.28038,NA
"664","S3#3","S. Maple",711078.330921,5092159.5409,711078.564362,5092164.33522,NA
"665","S4#1","R. Pine",710978.115339,5092156.1152,710982.306481,5092158.011071,NA
"666","S4#2","R. Pine",710978.115339,5092156.1152,710976.581931,5092157.550003,NA
"667","S4#3","S. Maple",710978.115339,5092156.1152,710971.924505,5092158.4029,NA
"668","S5#1","R. Pine",710953.061443,5092155.25903,710951.25251,5092158.714137,NA
"669","S5#2","R. Pine",710953.061443,5092155.25903,710955.023666,5092154.872142,NA
"670","S5#3","S. Maple",710953.061443,5092155.25903,710951.921818,5092155.63487,NA
"671","S6#1","R. Pine",710902.95365,5092153.54699,710898.201686,5092154.224366,NA
"672","S6#2","R. Pine",710902.95365,5092153.54699,710903.279572,5092155.520255,NA
"673","S6#3","S. Maple",710902.95365,5092153.54699,710904.372879,5092155.482394,NA
"674","S7#1","R. Maple",710802.738062,5092150.12414,710808.644354,5092149.067864,NA
"675","S7#2","S. Maple",710802.738062,5092150.12414,710799.381347,5092154.225659,NA
"676","S7#3","R. Maple",710802.738062,5092150.12414,710803.476905,5092158.893069,NA
"677","S7#4","Basswood",710802.738062,5092150.12414,710807.757767,5092157.229952,NA
"678","S8#1","S. Maple",710777.684165,5092149.26868,710782.149658,5092149.824894,NA
"679","S8#2","Blk. Ash",710777.684165,5092149.26868,710781.261426,5092154.332592,NA
"680","S8#3","R. Maple",710777.684165,5092149.26868,710776.471087,5092144.727926,NA
"681","S8#4","Basswood",710777.684165,5092149.26868,710778.158847,5092151.621269,NA
"682","S8#5","Basswood",710777.684165,5092149.26868,710770.561511,5092151.617681,NA
"683","S8#6","Basswood",710777.684165,5092149.26868,710769.717109,5092151.209303,NA
"684","S9#1","R. Maple",710727.576369,5092147.55807,710728.856033,5092146.153627,NA
"685","S9#2","S. Maple",710727.576369,5092147.55807,710724.392007,5092146.692137,NA
"686","S9#3","R. Maple",710727.576369,5092147.55807,710732.628102,5092143.310718,NA
"687","S9#4","Basswood",710727.576369,5092147.55807,710725.616215,5092145.028684,NA
"688","S9#5","Basswood",710727.576369,5092147.55807,710720.775224,5092149.2147,NA
"689","S10#1","S. Maple",710627.360775,5092144.13806,710627.073564,5092146.218327,NA
"690","S10#2","R. Maple",710627.360775,5092144.13806,710630.970694,5092148.549237,NA
"691","S10#3","R. Maple",710627.360775,5092144.13806,710623.552643,5092148.243926,NA
"692","S11#1","R. Maple",710602.306876,5092143.28332,710602.810489,5092136.602274,NA
"693","S11#2","R. Maple",710602.306876,5092143.28332,710602.949518,5092145.387366,NA
"694","S11#3","R. Maple",710602.306876,5092143.28332,710602.621372,5092145.561717,NA
"695","S12#1","R. Maple",710552.199077,5092141.57413,710553.479267,5092135.507738,NA
"696","S12#2","S. Maple",710552.199077,5092141.57413,710551.721483,5092146.249802,NA
"697","S12#3","B. Aspen",710552.199077,5092141.57413,710554.974445,5092141.203545,NA
"698","T1#1","B. Aspen",711154.347318,5092137.13338,711154.952329,5092138.395902,NA
"699","T1#2","B. Aspen",711154.347318,5092137.13338,711159.53155,5092141.984538,NA
"700","T1#3","B. Aspen",711154.347318,5092137.13338,711156.713028,5092142.972337,NA
"701","T2#1","Aspen",711129.292943,5092136.27648,711126.724521,5092133.080669,NA
"702","T2#2","B. Fir",711129.292943,5092136.27648,711127.383028,5092131.439929,NA
"703","T2#3","S. Alder",711129.292943,5092136.27648,711125.86103,5092139.487707,NA
"704","T3#1","S. Maple",711079.18495,5092134.56301,711079.681645,5092134.505618,NA
"705","T3#2","S. Maple",711079.18495,5092134.56301,711083.301291,5092132.744841,NA
"706","T3#3","B. Aspen",711079.18495,5092134.56301,711083.712091,5092138.651408,NA
"707","T4#1","R. Pine",710978.968963,5092131.13731,710981.124186,5092128.771932,NA
"708","T4#2","R. Pine",710978.968963,5092131.13731,710980.606094,5092129.521821,NA
"709","T4#3","S. Maple",710978.968963,5092131.13731,710975.311687,5092132.990505,NA
"710","T5#1","R. Pine",710953.914965,5092130.28114,710951.53336,5092130.577715,NA
"711","T5#2","R. Pine",710953.914965,5092130.28114,710953.130445,5092126.563005,NA
"712","T5#3","S. Maple",710953.914965,5092130.28114,710954.528328,5092133.625357,NA
"713","T6#1","R. Pine",710903.806969,5092128.5691,710908.917823,5092132.078967,NA
"714","T6#2","R. Pine",710903.806969,5092128.5691,710907.384819,5092131.917082,NA
"715","T6#3","S. Maple",710903.806969,5092128.5691,710905.570327,5092132.709217,NA
"716","T7#1","S. Maple",710803.590975,5092125.14624,710806.662993,5092128.703304,NA
"717","T7#2","S. Maple",710803.590975,5092125.14624,710803.035887,5092124.314449,NA
"718","T7#3","S. Maple",710803.590975,5092125.14624,710804.537438,5092129.44324,NA
"719","T7#4","Basswood",710803.590975,5092125.14624,710801.022553,5092121.950429,NA
"720","T7#5","Basswood",710803.590975,5092125.14624,710799.401755,5092119.538172,NA
"721","T7#6","Basswood",710803.590975,5092125.14624,710810.570414,5092130.506038,NA
"722","T8#1","S. Maple",710778.536976,5092124.29078,710775.304249,5092120.742615,NA
"723","T8#2","S. Maple",710778.536976,5092124.29078,710780.210583,5092118.633127,NA
"724","T8#3","S. Maple",710778.536976,5092124.29078,710773.459357,5092131.478115,NA
"725","T8#4","Basswood",710778.536976,5092124.29078,710781.035409,5092124.379276,NA
"726","T8#5","Basswood",710778.536976,5092124.29078,710781.530291,5092121.949826,NA
"727","T8#6","Basswood",710778.536976,5092124.29078,710771.539444,5092124.104922,NA
"728","T9#1","R. Maple",710728.428977,5092122.58017,710727.890363,5092121.859133,NA
"729","T9#2","S. Maple",710728.428977,5092122.58017,710727.012986,5092123.075114,NA
"730","T9#3","R. Maple",710728.428977,5092122.58017,710730.511434,5092127.993429,NA
"731","T9#4","Basswood",710728.428977,5092122.58017,710730.932845,5092113.208903,NA
"732","T10#1","S. Maple",710628.212977,5092119.16017,710630.474544,5092115.269757,NA
"733","T10#2","S. Maple",710628.212977,5092119.16017,710629.802402,5092118.976514,NA
"734","T10#3","S. Maple",710628.212977,5092119.16017,710624.087026,5092116.162415,NA
"735","T11#1","R. Maple",710603.158977,5092118.30542,710597.259898,5092118.409684,NA
"736","T11#2","S. Maple",710603.158977,5092118.30542,710601.669814,5092121.801474,NA
"737","T11#3","B. Fir",710603.158977,5092118.30542,710605.944616,5092116.356006,NA
"738","T12#1","Blk. Ash",710553.050975,5092116.59623,710554.350924,5092116.584762,NA
"739","T12#2","R. Maple",710553.050975,5092116.59623,710546.853161,5092116.431613,NA
"740","T12#3","R. Maple",710553.050975,5092116.59623,710553.957175,5092120.389487,NA
"741","U1#1","Aspen",711156.055976,5092087.1776,711157.20818,5092086.842301,NA
"742","U1#2","Aspen",711156.055976,5092087.1776,711157.640736,5092085.375231,NA
"743","U1#3","B. Fir",711156.055976,5092087.1776,711157.816428,5092085.697462,NA
"744","U2#1","Aspen",711131.001398,5092086.3207,711131.52957,5092085.243187,NA
"745","U2#2","Aspen",711131.001398,5092086.3207,711131.983631,5092083.698636,NA
"746","U2#3","B. Fir",711131.001398,5092086.3207,711131.030541,5092088.520507,NA
"747","U3#1","S. Alder",711080.893,5092084.60724,711079.168827,5092085.405505,NA
"748","U3#2","S. Alder",711080.893,5092084.60724,711082.490744,5092084.692174,NA
"749","U3#3","B. Fir",711080.893,5092084.60724,711078.480449,5092086.709524,NA
"750","U4#1","R. Pine",710980.6762,5092081.18153,710982.044107,5092078.511543,NA
"751","U4#2","R. Pine",710980.6762,5092081.18153,710977.475781,5092087.294411,NA
"752","U4#3","S. Maple",710980.6762,5092081.18153,710981.113219,5092073.594105,NA
"753","U5#1","R. Pine",710955.621999,5092080.32536,710955.656042,5092081.024532,NA
"754","U5#2","R. Pine",710955.621999,5092080.32536,710958.798063,5092081.795945,NA
"755","U5#3","S. Maple",710955.621999,5092080.32536,710953.878392,5092082.888529,NA
"756","U6#1","R. Pine",710905.513597,5092078.61332,710904.28737,5092076.320643,NA
"757","U6#2","R. Pine",710905.513597,5092078.61332,710906.724443,5092074.383208,NA
"758","U6#3","S. Maple",710905.513597,5092078.61332,710897.113926,5092078.538969,NA
"759","U7#1","Blk. Ash",710805.296791,5092075.19046,710802.44675,5092078.672882,NA
"760","U7#2","S. Maple",710805.296791,5092075.19046,710807.537439,5092069.516881,NA
"761","U7#3","S. Maple",710805.296791,5092075.19046,710803.331092,5092078.788519,NA
"762","U7#4","Basswood",710805.296791,5092075.19046,710811.055939,5092077.981914,NA
"763","U8#1","R. Pine",710780.242589,5092074.335,710779.496623,5092073.150291,NA
"764","U8#2","S. Maple",710780.242589,5092074.335,710776.25665,5092070.401516,NA
"765","U8#3","S. Maple",710780.242589,5092074.335,710785.021768,5092069.783138,NA
"766","U8#4","Basswood",710780.242589,5092074.335,710784.12669,5092069.502427,NA
"767","U9#1","R. Pine",710730.134184,5092072.62439,710730.664358,5092070.489228,NA
"768","U9#2","Blk. Ash",710730.134184,5092072.62439,710729.053739,5092074.878861,NA
"769","U9#3","S. Maple",710730.134184,5092072.62439,710723.492204,5092074.49364,NA
"770","U9#4","Basswood",710730.134184,5092072.62439,710721.903052,5092077.756492,NA
"771","U9#5","Basswood",710730.134184,5092072.62439,710720.434184,5092072.624098,NA
"772","U10#1","R. Pine",710629.917372,5092069.20438,710627.949847,5092065.953404,NA
"773","U10#2","R. Maple",710629.917372,5092069.20438,710635.362354,5092068.428384,NA
"774","U10#3","S. Maple",710629.917372,5092069.20438,710626.837504,5092074.000672,NA
"775","U11#1","R. Maple",710604.863168,5092068.34964,710603.868924,5092074.368068,NA
"776","U11#2","R. Maple",710604.863168,5092068.34964,710603.690749,5092062.261501,NA
"777","U11#3","B. Fir",710604.863168,5092068.34964,710599.679659,5092067.935831,NA
"778","U12#1","Aspen",710554.754761,5092066.64045,710555.857882,5092067.328291,NA
"779","U12#2","B. Fir",710554.754761,5092066.64045,710554.045341,5092062.095483,NA
"780","U12#3","R. Maple",710554.754761,5092066.64045,710547.776986,5092067.95219,NA
"781","V1#1","B. Fir",711159.473254,5091987.26605,711159.55291,5091983.666931,NA
"782","V1#2","Tamarack",711159.473254,5091987.26605,711157.013202,5091988.37877,NA
"783","V1#3","S. Maple",711159.473254,5091987.26605,711161.742524,5091990.800228,NA
"784","V2#1","B. Spruce",711134.41827,5091986.40916,711131.26869,5091987.935642,NA
"785","V2#2","Tamarack",711134.41827,5091986.40916,711137.612135,5091986.211111,NA
"786","V2#3","S. Maple",711134.41827,5091986.40916,711129.258126,5091987.05174,NA
"787","V3#1","W. Cedar",711084.309059,5091984.69569,711083.299049,5091987.62654,NA
"788","V3#2","B. Fir",711084.309059,5091984.69569,711083.728542,5091984.304538,NA
"789","V3#3","W. Pine",711084.309059,5091984.69569,711075.592749,5091986.494561,NA
"790","V4#1","S. Maple",710984.090635,5091981.26998,710976.302012,5091982.591855,NA
"791","V4#2","Aspen",710984.090635,5091981.26998,710985.448008,5091978.372129,NA
"792","V4#3","B. Fir",710984.090635,5091981.26998,710982.396026,5091981.134696,NA
"793","V5#1","B. Fir",710959.036028,5091980.4138,710957.456461,5091981.945129,NA
"794","V5#2","Aspen",710959.036028,5091980.4138,710954.382561,5091981.948481,NA
"795","V5#3","S. Maple",710959.036028,5091980.4138,710956.605027,5091982.494721,NA
"796","V6#1","R. Pine",710908.926815,5091978.70176,710910.939248,5091977.812877,NA
"797","V6#2","R. Pine",710908.926815,5091978.70176,710911.244746,5091975.817805,NA
"798","V6#3","S. Maple",710908.926815,5091978.70176,710905.063426,5091983.422377,NA
"799","V7#1","R. Pine",710808.708384,5091975.2789,710813.040814,5091971.890677,NA
"800","V7#2","S. Maple",710808.708384,5091975.2789,710813.012039,5091972.542378,NA
"801","V7#3","S. Maple",710808.708384,5091975.2789,710804.217019,5091975.000258,NA
"802","V8#1","R. Pine",710783.653776,5091974.42344,710790.385696,5091975.383259,NA
"803","V8#2","Blk. Ash",710783.653776,5091974.42344,710784.485994,5091973.424734,NA
"804","V8#3","R. Maple",710783.653776,5091974.42344,710777.907819,5091972.69602,NA
"805","V9#1","S. Maple",710733.544559,5091972.71283,710735.744214,5091972.751774,NA
"806","V9#2","R. Maple",710733.544559,5091972.71283,710729.650051,5091972.919739,NA
"807","V9#3","S. Maple",710733.544559,5091972.71283,710738.142941,5091972.590833,NA
"808","V10#1","R. Pine",710633.326122,5091969.29282,710632.718151,5091974.356452,NA
"809","V10#2","S. Maple",710633.326122,5091969.29282,710630.708602,5091968.630561,NA
"810","V10#3","B. Fir",710633.326122,5091969.29282,710637.656231,5091972.999591,NA
"811","V11#1","Tamarack",710608.271513,5091968.43807,710607.870549,5091967.307041,NA
"812","V11#2","R. Maple",710608.271513,5091968.43807,710609.570517,5091977.84884,NA
"813","V11#3","B. Fir",710608.271513,5091968.43807,710604.110045,5091977.531044,NA
"814","V12#1","Blk. Ash",710558.162293,5091966.72888,710555.591513,5091960.541708,NA
"815","V12#2","R. Maple",710558.162293,5091966.72888,710562.583677,5091969.651441,NA
"816","V12#3","R. Maple",710558.162293,5091966.72888,710562.061682,5091966.797918,NA
"817","W1#1","Tamarack",711160.327565,5091962.28817,711160.29663,5091960.888512,NA
"818","W1#2","B. Spruce",711160.327565,5091962.28817,711160.663798,5091963.954588,NA
"819","W1#3","B. Spruce",711160.327565,5091962.28817,711161.659726,5091964.038983,NA
"820","W2#1","Tamarack",711135.27248,5091961.43127,711136.443227,5091961.694616,NA
"821","W2#2","B. Spruce",711135.27248,5091961.43127,711136.972214,5091961.461363,NA
"822","W2#3","S. Maple",711135.27248,5091961.43127,711133.224259,5091959.997815,NA
"823","W3#1","W. Pine",711085.163066,5091959.7178,711084.202849,5091958.565418,NA
"824","W3#2","B. Spruce",711085.163066,5091959.7178,711085.86725,5091958.872741,NA
"825","W3#3","Tamarack",711085.163066,5091959.7178,711078.572361,5091960.067953,NA
"826","W4#1","W. Spruce",710984.944236,5091956.29209,710982.846557,5091954.932037,NA
"827","W4#2","W. Spruce",710984.944236,5091956.29209,710987.408493,5091961.209146,NA
"828","W4#3","W. Pine",710984.944236,5091956.29209,710985.889883,5091951.382329,NA
"829","W5#1","R. Pine",710959.889528,5091955.43592,710953.967549,5091958.569634,NA
"830","W5#2","S. Maple",710959.889528,5091955.43592,710960.693303,5091956.030853,NA
"831","W5#3","R. Pine",710959.889528,5091955.43592,710953.196089,5091955.139494,NA
"832","W6#1","R. Pine",710909.780111,5091953.72388,710908.94575,5091956.291728,NA
"833","W6#2","S. Maple",710909.780111,5091953.72388,710908.100744,5091954.612545,NA
"834","W6#3","R. Pine",710909.780111,5091953.72388,710907.720717,5091951.54239,NA
"835","W7#1","R. Pine",710809.561274,5091950.30102,710806.354236,5091952.146259,NA
"836","W7#2","R. Maple",710809.561274,5091950.30102,710808.129332,5091944.063269,NA
"837","W7#3","S. Maple",710809.561274,5091950.30102,710806.617957,5091949.7206,NA
"838","W8#1","R. Pine",710784.506565,5091949.44556,710787.151547,5091947.828752,NA
"839","W8#2","S. Maple",710784.506565,5091949.44556,710785.927337,5091948.709757,NA
"840","W8#3","W. Birch",710784.506565,5091949.44556,710787.958334,5091955.764206,NA
"841","W9#1","R. Pine",710734.397145,5091947.73494,710733.506328,5091949.299052,NA
"842","W9#2","S. Maple",710734.397145,5091947.73494,710729.340005,5091941.665728,NA
"843","W9#3","S. Maple",710734.397145,5091947.73494,710737.476324,5091955.334852,NA
"844","W10#1","W. Birch",710634.178302,5091944.31493,710636.34126,5091950.972378,NA
"845","W10#2","R. Maple",710634.178302,5091944.31493,710630.031753,5091941.520985,NA
"846","W10#3","Blk. Ash",710634.178302,5091944.31493,710634.166353,5091945.214851,NA
"847","W11#1","S. Maple",710609.123591,5091943.46018,710609.072406,5091943.063468,NA
"848","W11#2","S. Maple",710609.123591,5091943.46018,710611.570767,5091941.904119,NA
"849","W11#3","B. Fir",710609.123591,5091943.46018,710605.564717,5091939.948141,NA
"850","W12#1","R. Pine",710559.014168,5091941.75099,710556.29701,5091944.953654,NA
"851","W12#2","S. Maple",710559.014168,5091941.75099,710556.7274,5091948.788794,NA
"852","W12#3","S. Maple",710559.014168,5091941.75099,710555.519194,5091948.724164,NA
"853","X1#1","Tamarack",711162.036178,5091912.3324,711164.203058,5091913.579248,NA
"854","X1#2","Tamarack",711162.036178,5091912.3324,711157.949453,5091915.707111,NA
"855","X1#3","B. Spruce",711162.036178,5091912.3324,711165.136057,5091912.305054,NA
"856","X2#1","B. Spruce",711136.980889,5091911.4755,711136.08881,5091911.356357,NA
"857","X2#2","Tamarack",711136.980889,5091911.4755,711136.298651,5091913.248788,NA
"858","X2#3","B. Spruce",711136.980889,5091911.4755,711139.586297,5091910.767088,NA
"859","X3#1","Tamarack",711086.87107,5091909.76204,711086.038882,5091908.763309,NA
"860","X3#2","Tamarack",711086.87107,5091909.76204,711085.872049,5091909.717797,NA
"861","X3#3","B. Spruce",711086.87107,5091909.76204,711087.54434,5091909.16479,NA
"862","X4#1","Aspen",710986.651427,5091906.33632,710982.352943,5091906.22215,NA
"863","X4#2","S. Maple",710986.651427,5091906.33632,710987.749404,5091910.597124,NA
"864","X4#3","B. Fir",710986.651427,5091906.33632,710989.136846,5091902.229899,NA
"865","X5#1","R. Pine",710961.596516,5091905.48015,710961.855277,5091900.987596,NA
"866","X5#2","R. Maple",710961.596516,5091905.48015,710958.196516,5091905.480048,NA
"867","X5#3","R. Pine",710961.596516,5091905.48015,710962.520959,5091904.428768,NA
"868","X6#1","R. Pine",710911.486693,5091903.76811,710910.708695,5091902.726612,NA
"869","X6#2","R. Pine",710911.486693,5091903.76811,710912.712268,5091901.82184,NA
"870","X6#3","S. Maple",710911.486693,5091903.76811,710914.323052,5091905.642961,NA
"871","X7#1","R. Pine",710811.267044,5091900.34524,710811.167236,5091900.339048,NA
"872","X7#2","R. Maple",710811.267044,5091900.34524,710814.354935,5091899.50564,NA
"873","X7#3","S. Maple",710811.267044,5091900.34524,710809.087048,5091904.509087,NA
"874","X8#1","R. Pine",710786.212132,5091899.48978,710789.194359,5091898.076867,NA
"875","X8#2","S. Maple",710786.212132,5091899.48978,710785.320053,5091899.370637,NA
"876","X8#3","S. Maple",710786.212132,5091899.48978,710786.552527,5091898.339071,NA
"877","X9#1","R. Pine",710736.102306,5091897.77917,710733.844543,5091900.046879,NA
"878","X9#2","B. Fir",710736.102306,5091897.77917,710736.170001,5091896.080518,NA
"879","X9#3","S. Maple",710736.102306,5091897.77917,710738.236436,5091900.163596,NA
"880","X10#1","R. Maple",710635.882651,5091894.35915,710638.120254,5091892.071545,NA
"881","X10#2","S. Maple",710635.882651,5091894.35915,710633.206414,5091894.00172,NA
"882","X10#3","B. Fir",710635.882651,5091894.35915,710634.991103,5091890.768169,NA
"883","X11#1","S. Maple",710610.827737,5091893.50441,710611.49959,5091895.704095,NA
"884","X11#2","Blk. Ash",710610.827737,5091893.50441,710609.780317,5091890.375047,NA
"885","X11#3","R. Maple",710610.827737,5091893.50441,710608.387827,5091887.913629,NA
"886","X12#1","R. Pine",710560.717908,5091891.79522,710561.577474,5091892.061952,NA
"887","X12#2","S. Maple",710560.717908,5091891.79522,710556.77932,5091894.710272,NA
"888","X12#3","S. Maple",710560.717908,5091891.79522,710567.978132,5091890.363736,NA
